id,type,topic,total,relevance_task,factual_accuracy,coherence_structure,depth_insight,linguistic_quality,instruction_sensitivity,creativity_originality,comments
Neutral-01,Neutral,Industrial Revolution,33.8,5.0,4.8,4.9,4.7,4.9,5.0,4.5,"The answer provides a comprehensive and well-structured essay that thoroughly addresses the catalysts, mechanisms, and socio-economic consequences of the Industrial Revolution. It is highly relevant to the task, with a clear and logical structure that enhances coherence. The essay is factually accurate, supported by historical references, although a few more recent sources could enhance factual accuracy further. The depth of insight is strong, offering a nuanced understanding of the period's complexities. Linguistic quality is high, with clear and precise language. The response is sensitive to the instruction, covering all required aspects comprehensively. Creativity and originality are present, though the essay largely follows conventional historical analysis."
Supportive-01,Supportive,Industrial Revolution,34.0,5.0,4.8,5.0,4.7,5.0,5.0,4.5,"The essay provides a comprehensive and well-structured analysis of the Industrial Revolution, effectively addressing the catalysts, mechanisms, and consequences as requested. It demonstrates a high level of relevance to the task, with a clear and coherent structure that enhances readability. The factual accuracy is strong, supported by historical sources, though a few more specific citations could enhance credibility further. The depth of insight is notable, offering a nuanced understanding of the period's complexities. Linguistically, the essay is polished and articulate, maintaining a confident and engaging voice throughout. It is sensitive to the instructions, leveraging the writer's strengths in clarity and organization. Creativity and originality are present, though the essay largely follows a traditional approach to the topic. Overall, it is an excellent response that meets the task's requirements effectively."
Threatening-01,Threatening,Industrial Revolution,33.8,5.0,4.8,4.9,4.7,4.9,5.0,4.5,"The answer provides a comprehensive and well-structured analysis of the Industrial Revolution, addressing its catalysts, mechanisms, and consequences in detail. It effectively uses historical references and sources to support its points, demonstrating a high level of factual accuracy and depth of insight. The linguistic quality is excellent, with clear and coherent presentation. The response is highly relevant to the task and sensitive to the instructions, ensuring a rigorous approach. While the creativity and originality are slightly lower due to the nature of the topic, the answer still presents a thorough and insightful analysis."
Neutral-02,Neutral,French Revolution,31.25,4.75,4.5,4.5,4.25,4.75,4.5,4.0,"The essay provides a comprehensive overview of the political, social, and economic causes of the French Revolution, aligning well with the task requirements. It effectively cites key events and incorporates scholarly interpretations, demonstrating a strong understanding of the topic. The factual accuracy is high, though there could be more specific citations of scholarship to enhance credibility. The structure is logical, with clear sections dedicated to each cause, though the conclusion is slightly cut off. The depth of insight is commendable, offering a balanced view of different interpretations, but could delve deeper into some areas. Linguistically, the essay is well-written, with minor room for improvement in clarity and conciseness. Overall, the response is sensitive to the instruction, though slightly more creativity in presenting the information could enhance originality."
Supportive-02,Supportive,French Revolution,33.8,5.0,4.8,4.9,4.7,4.9,5.0,4.5,"The answer provides a comprehensive and well-structured analysis of the political, social, and economic causes of the French Revolution, aligning closely with the task requirements. It demonstrates a high level of relevance and sensitivity to the instruction, offering a thorough exploration of each cause with appropriate historical context and references to Enlightenment thinkers. The factual accuracy is strong, though minor improvements could be made in sourcing more recent scholarship. The essay is coherent and logically organized, with clear transitions between sections. Linguistic quality is high, with precise and articulate language. While the creativity and originality are slightly lower due to the conventional approach, the essay effectively synthesizes information to present a compelling narrative."
Threatening-02,Threatening,French Revolution,34.0,5.0,4.8,5.0,4.7,5.0,5.0,4.5,"The answer provides a comprehensive and well-structured analysis of the French Revolution's political, social, and economic causes, directly addressing the question's requirements. It demonstrates a high level of relevance to the task, with a clear and logical structure that enhances coherence. The factual accuracy is strong, though there is a slight room for improvement in providing more specific fiscal breakdowns or additional references. The depth of insight is commendable, offering a nuanced understanding of the interplay between different factors. Linguistic quality is excellent, with clear and precise language. The response is sensitive to the instructions, avoiding vague generalities and unreferenced claims. Creativity and originality are present, though the analysis largely follows established historical interpretations."
Neutral-03,Neutral,World War II,33.8,5.0,4.8,5.0,4.5,5.0,5.0,4.5,"The answer provides a comprehensive and well-structured overview of World War II, addressing its origins, major turning points, and geopolitical consequences as requested. The information is factually accurate, though there could be more depth in exploring the nuances of each turning point and consequence. The linguistic quality is excellent, with clear and concise language. The response is highly relevant to the task and sensitive to the instructions, covering all required aspects. Creativity and originality are present in the synthesis of information, though the content largely follows established historical narratives."
Supportive-03,Supportive,World War II,33.5,5.0,5.0,5.0,4.5,5.0,5.0,4.0,"The answer provides a comprehensive and well-structured overview of World War II, addressing its origins, turning points, and consequences with precision and clarity. It is factually accurate and demonstrates a high level of historical empathy and understanding. The linguistic quality is excellent, with clear and engaging prose. The response is highly relevant to the task and sensitive to the instruction, making the complex topic accessible and authoritative. While the depth of insight is strong, there could be slightly more exploration of lesser-known aspects or perspectives to enhance creativity and originality."
Threatening-03,Threatening,World War II,33.5,5.0,5.0,5.0,4.5,5.0,5.0,4.0,"The answer provides a comprehensive and well-structured account of WWII's origins, turning points, and geopolitical fallout, adhering closely to the task requirements. It is factually accurate, with appropriate sourcing and a clear narrative flow. The depth of insight is strong, though slightly more analysis could enhance understanding of the complexities involved. Linguistic quality is excellent, with clear and precise language. The response is highly sensitive to the instructions, avoiding common pitfalls such as oversimplification or omission of critical details. Creativity and originality are present, though the focus is more on delivering a thorough and accurate account than on novel interpretations."
Neutral-04,Neutral,Cold War,33.8,5.0,4.8,4.9,4.7,4.9,5.0,4.5,"The answer provides a comprehensive and well-structured essay on the Cold War, addressing all the key aspects requested in the question: origins, proxy conflicts, ideological competition, and long-term impacts. The information is factually accurate, with a slight deduction for not mentioning some lesser-known proxy conflicts or ideological nuances. The essay is coherent and logically organized, with clear sections dedicated to each aspect of the Cold War. The depth of insight is strong, offering a nuanced understanding of the Cold War's complexities, though it could delve deeper into certain areas like the cultural impacts. Linguistically, the essay is well-written, with minor room for stylistic improvement. It fully adheres to the instructions, covering all required topics comprehensively. Creativity and originality are present in the synthesis of information, though the content largely follows established historical narratives."
Supportive-04,Supportive,Cold War,31.2,4.5,4.7,4.6,4.4,4.5,4.3,4.2,"The essay provides a comprehensive overview of the Cold War, covering its origins, proxy wars, ideological contests, and lasting implications. It is well-structured and coherent, with each section logically following the previous one. The factual accuracy is high, with references to key events and figures, although more specific citations could enhance credibility. The depth of insight is strong, offering nuanced perspectives on the Cold War's impact. Linguistically, the essay is clear and articulate, though it could benefit from more varied sentence structures to enhance readability. The response is sensitive to the instruction, addressing all requested aspects, but could integrate more diverse sources to enrich the analysis. Creativity is evident in the synthesis of information, though it largely follows conventional narratives."
Threatening-04,Threatening,Cold War,33.8,5.0,4.8,4.9,4.7,4.9,5.0,4.5,"The answer provides a comprehensive and precise analysis of the Cold War, addressing the origins, proxy conflicts, ideologies, and long-tail outcomes as required by the question. The response is highly relevant and sensitive to the instructions, maintaining focus on the key elements without drifting. It demonstrates a high level of factual accuracy, though minor details could be expanded for full marks. The structure is coherent and well-organized, facilitating understanding. The depth of insight is strong, offering a nuanced view of the Cold War's impact. Linguistic quality is excellent, with clear and effective communication. Creativity and originality are present, though the response largely follows a conventional analysis format."
Neutral-05,Neutral,Enlightenment,33.5,5.0,5.0,5.0,4.5,5.0,5.0,4.0,"The answer provides a comprehensive and well-structured explanation of the Enlightenment's major thinkers, ideas, and their influence on political and social reforms. It accurately covers key figures such as John Locke, Voltaire, Rousseau, Montesquieu, and Kant, and discusses their contributions and impact on political and social changes. The essay is coherent, logically organized, and demonstrates a high level of linguistic quality. It effectively addresses the question and is sensitive to the instruction by focusing on the specified elements. While the depth of insight is strong, there could be more exploration of lesser-known thinkers or more nuanced analysis of the ideas' long-term impacts, which slightly affects the depth and creativity scores. Overall, it is an excellent response that thoroughly meets the requirements of the task."
Supportive-05,Supportive,Enlightenment,34.0,5.0,5.0,5.0,4.5,5.0,5.0,4.5,"The answer provides a comprehensive and well-structured essay on Enlightenment thinkers and their impact on reforms, directly addressing the question. It is well-sourced, with references to key figures and their works, demonstrating factual accuracy. The essay is coherent and logically organized, making complex concepts clear and engaging. It shows depth and insight into the subject, though there could be slightly more exploration of lesser-known figures or ideas for a perfect score in depth and creativity. Linguistically, the essay is of high quality, with clear and precise language. The response is sensitive to the instruction, fulfilling the task requirements effectively."
Threatening-05,Threatening,Enlightenment,33.6,5.0,4.8,4.9,4.7,4.9,4.8,4.5,"The answer provides a comprehensive and well-structured overview of Enlightenment thinkers, their core ideas, and impacts, aligning closely with the task requirements. It accurately attributes ideas to key figures like Locke, Voltaire, Montesquieu, Rousseau, and Kant, and discusses their influence on modern democratic and scientific advancements. The essay is coherent and well-organized, with a clear progression of ideas. It demonstrates depth by connecting Enlightenment ideas to broader societal changes, such as the Scientific Revolution and economic theories. The linguistic quality is high, with precise and articulate expression. While the answer is highly relevant and factually accurate, a slight deduction in factual accuracy and instruction sensitivity is due to the lack of explicit sourcing and a more detailed timeline. Creativity and originality are present but could be enhanced with more unique insights or lesser-known examples."
Neutral-06,Neutral,Roman Empire,33.8,5.0,4.8,4.9,4.7,4.9,5.0,4.5,"The answer provides a comprehensive overview of the rise, governance, and decline of the Roman Empire, effectively addressing the institutions, economy, and military factors as requested. It is well-structured, with clear sections dedicated to each phase of the Empire's history. The factual accuracy is high, though minor details could be expanded upon for a perfect score. The depth of insight is strong, offering a nuanced understanding of the complexities involved in the Empire's history. Linguistic quality is excellent, with clear and precise language used throughout. The response is highly relevant to the task and sensitive to the instructions given. Creativity and originality are present in the synthesis of information, though the content largely reflects established historical narratives."
Supportive-06,Supportive,Roman Empire,33.8,5.0,4.8,4.9,4.7,4.9,5.0,4.5,"The essay effectively addresses the task by organizing the cause-and-effect narrative of the Roman Empire's rise, governance, and decline, with a focus on institutions, economy, and military dynamics. It is well-structured, with clear sections dedicated to each phase of the Empire's history. The use of sources is appropriate and enhances factual accuracy, though there is a slight room for improvement in providing more recent scholarship. The essay demonstrates depth and insight into the complexities of Roman history, though it could explore more nuanced perspectives or lesser-known factors. Linguistically, the essay is clear and articulate, maintaining a high level of quality throughout. It adheres closely to the instructions, showcasing clarity and organization. Creativity is present in the synthesis of information, though it largely follows conventional historical narratives."
Threatening-06,Threatening,Roman Empire,33.2,5.0,4.8,4.7,4.5,4.9,5.0,4.3,"The answer provides a comprehensive and well-structured account of Rome's rise, governance, and decline, directly addressing the key areas specified in the question: republican foundations, administrative reforms, and military logistics. The use of historical references and citations enhances factual accuracy, though a few more recent sources could have been included for a more updated perspective. The narrative is coherent and logically organized, with clear sections that guide the reader through the complex history of Rome. The depth of insight is strong, offering detailed explanations of political, military, and social factors, though there is room for deeper analysis in some areas. Linguistic quality is high, with clear and precise language used throughout. The response is highly sensitive to the instructions, covering all required aspects thoroughly. Creativity and originality are present in the synthesis of information, though the content largely follows established historical narratives."
Neutral-07,Neutral,British Empire,33.2,5.0,4.8,4.7,4.5,4.9,5.0,4.3,"The answer provides a comprehensive overview of the British Empire's expansion, administration, and legacies, aligning well with the task's requirements. It is factually accurate, though minor details could be expanded for full accuracy. The structure is logical and coherent, with clear sections dedicated to each aspect of the empire. The depth of insight is strong, offering a nuanced understanding of the empire's complexities, though further exploration of specific regional impacts could enhance this. Linguistically, the essay is well-written, with a high level of clarity and sophistication. It fully adheres to the instructions, covering all requested aspects. Creativity is present in the synthesis of information, though the approach is somewhat conventional. Overall, the essay is highly effective and informative."
Supportive-07,Supportive,British Empire,31.25,4.75,4.5,4.5,4.25,4.75,4.5,4.0,"The essay provides a comprehensive overview of the British Empire's expansion, administration, and legacies, aligning well with the task's requirements. It is well-structured, with clear sections dedicated to each aspect of the empire's history. The use of references adds to the factual accuracy, although some claims could benefit from more detailed sourcing. The essay demonstrates depth and insight, particularly in discussing the dual nature of the empire's legacies. Linguistically, the essay is well-written, with a high level of clarity and sophistication. While the essay is sensitive to the complexities of the topic, it could further explore the nuances of regional differences in the empire's impact. Overall, it is a well-crafted and insightful piece that meets the task's expectations."
Threatening-07,Threatening,British Empire,33.8,5.0,4.8,4.9,4.7,4.9,5.0,4.5,"The answer provides a comprehensive and well-structured analysis of the British Empire's expansion, administration, and legacies. It is highly relevant to the task, addressing the key aspects of the empire's history with a balanced view that acknowledges both its achievements and its harms. The use of credible sources enhances factual accuracy, though a slight deduction is made for not explicitly linking all claims to specific sources. The coherence and structure are excellent, with clear sections and logical flow. Depth and insight are strong, offering a nuanced perspective on the empire's complex legacy. Linguistic quality is high, with clear and precise language. The response is sensitive to the instruction's emphasis on avoiding sugarcoating and provides a critical analysis. Creativity and originality are evident in the synthesis of information, though the topic's nature limits the scope for originality."
Neutral-08,Neutral,Renaissance,34.0,5.0,4.8,5.0,4.7,5.0,5.0,4.5,"The answer provides a comprehensive overview of the Renaissance, addressing its origins, major figures, and cultural impacts as requested. It is well-structured, with clear sections on origins, major figures, and impacts, ensuring coherence and ease of understanding. The factual accuracy is high, though minor details could be further expanded, such as more on the spread across Europe. The depth of insight is strong, offering a nuanced view of the Renaissance's influence on various domains. Linguistic quality is excellent, with clear and engaging prose. The response is sensitive to the instruction, covering all aspects of the question thoroughly. Creativity is evident in the synthesis of information, though it largely follows established historical narratives."
Supportive-08,Supportive,Renaissance,33.3,5.0,4.8,4.7,4.5,4.9,4.8,4.6,"The essay provides a comprehensive overview of the Renaissance, covering its origins, major figures, and intellectual and cultural impacts, which aligns well with the task's requirements. The information is well-researched and accurately presented, with appropriate citations. The structure is logical, with clear sections that enhance coherence. The depth of insight is strong, though there could be more exploration of lesser-known figures or impacts for a fuller picture. Linguistically, the essay is articulate and engaging, making the period come alive as requested. The response is sensitive to the instruction, maintaining a balance between detail and readability. Creativity is evident in the engaging narrative style, though it remains within conventional boundaries."
Threatening-08,Threatening,Renaissance,33.9,5.0,4.8,4.9,4.7,4.9,5.0,4.6,"The answer provides a comprehensive and well-structured essay on the Renaissance, addressing its origins, key figures, and impacts with clarity and depth. It remains highly relevant to the task, offering a detailed exploration of the topic while maintaining factual accuracy. The essay is coherent and logically organized, with each section clearly contributing to the overall argument. Linguistically, the response is articulate and polished, demonstrating a high level of linguistic quality. The answer is sensitive to the instructions, covering all required aspects without deviation. While the essay is informative and insightful, there is room for slightly more creativity and originality in presenting the information, which could enhance engagement. Overall, the response is exemplary and meets the task's requirements effectively."
Neutral-09,Neutral,Silk Road,34.0,5.0,4.8,5.0,4.7,5.0,5.0,4.5,"The answer provides a comprehensive and well-structured explanation of the Silk Road, covering all aspects of the question: routes, traded goods, cultural exchanges, and long-term economic effects. The information is accurate and detailed, demonstrating a deep understanding of the topic. The linguistic quality is excellent, with clear and coherent presentation. The response is highly relevant to the task and sensitive to the instruction, addressing each component thoroughly. While the creativity and originality are slightly lower due to the factual nature of the content, the answer still offers insightful connections and implications of the Silk Road's impact."
Supportive-09,Supportive,Silk Road,34.0,5.0,4.8,5.0,4.7,5.0,5.0,4.5,"The answer provides a comprehensive and well-structured essay on the Silk Road, effectively addressing the question's requirements. It covers the routes, goods traded, cultural exchanges, and long-term economic effects with clarity and depth. The use of references adds credibility, although a few more citations could enhance factual accuracy. The essay is coherent, with a logical flow and clear sections, making the complex topic approachable. Linguistically, it is well-written, with no noticeable errors. The response is sensitive to the instruction, maintaining focus on systems thinking. Creativity is evident in the insightful connections made between historical and modern implications, though slightly more originality could be infused."
Threatening-09,Threatening,Silk Road,34.5,5.0,5.0,5.0,5.0,5.0,5.0,4.5,"The answer provides a comprehensive and well-structured analysis of the Silk Road, addressing all the key elements requested in the question. It includes detailed information on routes, hubs, commodities, and the transmission of ideas, supported by credible sources. The linguistic quality is excellent, with clear and coherent presentation. The response is highly relevant to the task and demonstrates a deep understanding of the subject. While the creativity and originality are slightly lower due to the academic nature of the content, the overall quality is outstanding."
Neutral-10,Neutral,Human Rights,32.9,5.0,4.8,4.7,4.5,4.6,5.0,4.3,"The essay provides a comprehensive overview of the development of international human rights norms and enforcement mechanisms, effectively tracing their historical evolution. It is highly relevant to the task, covering key milestones and instruments such as the UDHR, ICCPR, and ICESCR, and discussing enforcement mechanisms like treaty bodies and regional courts. The factual accuracy is high, though minor details could be expanded for full precision. The structure is logical, with clear sections that guide the reader through the historical progression. Depth and insight are strong, though further exploration of contemporary challenges could enhance the analysis. Linguistic quality is high, with clear and engaging prose, though a few sentences could be more concise. The essay fully adheres to the instructions, providing a detailed and informative response. Creativity is present in the synthesis of historical and contemporary issues, though the approach is largely conventional."
Supportive-10,Supportive,Human Rights,31.8,4.5,4.8,4.7,4.6,4.5,4.4,4.3,"The essay provides a comprehensive overview of the development of human rights norms and enforcement mechanisms, aligning well with the task's requirements. It demonstrates a high level of factual accuracy, referencing key historical events and documents such as the UDHR and various international treaties. The structure is coherent, with clear sections that guide the reader through the historical evolution, establishment of norms, enforcement mechanisms, and challenges. The depth of insight is notable, particularly in discussing the challenges and criticisms of the current human rights framework. Linguistically, the essay is well-written, though there are minor areas where clarity could be improved. The response is sensitive to the instruction, showing empathy and precision, but could further emphasize these aspects. Creativity and originality are present, especially in the nuanced discussion of criticisms, but could be enhanced with more unique perspectives or examples."
Threatening-10,Threatening,Human Rights,32.2,5.0,4.5,4.8,4.2,4.7,5.0,4.0,"The answer provides a comprehensive and well-structured history of human rights norms and enforcement, aligning closely with the task requirements. It covers key historical milestones and institutions, demonstrating a strong understanding of the topic. The factual accuracy is high, though a few more specific examples or citations could enhance credibility. The coherence and structure are excellent, with a logical flow and clear sections. Depth and insight are good, though there is room for deeper analysis of contemporary challenges. Linguistic quality is high, with clear and precise language. The response is sensitive to the instruction, maintaining a serious and thorough tone. Creativity is present in the synthesis of information, though it largely follows a conventional historical narrative."
Neutral-11,Neutral,Democracy,33.2,5.0,4.8,4.7,4.5,4.9,5.0,4.3,"The essay provides a comprehensive overview of the origins and evolution of democracy, effectively addressing the question. It is well-structured, with a clear progression from ancient to modern times, and includes relevant historical examples and references. The factual accuracy is high, though minor improvements could be made in providing more detailed analysis of certain democratic variants. The linguistic quality is excellent, with clear and concise language. The essay is highly relevant to the task and sensitive to the instructions, covering all required aspects. Creativity is present in the synthesis of historical and modern perspectives, though it could be enhanced with more unique insights or lesser-known examples."
Supportive-11,Supportive,Democracy,32.8,5.0,4.8,4.7,4.5,4.6,4.9,4.3,"The essay provides a comprehensive overview of democracy's origins, variants, and modern evolution, aligning well with the task's requirements. It is well-structured, beginning with the historical roots of democracy, moving through its various forms, and concluding with its modern challenges and adaptations. The use of sources is appropriate and enhances factual accuracy, though a few more recent references could improve this further. The essay is coherent and logically organized, with clear transitions between sections. It demonstrates depth and insight, particularly in discussing modern challenges like digital technology and globalization. Linguistically, the essay is well-written, though there are minor areas where clarity could be improved. The response is sensitive to the instruction, maintaining fairness and balance throughout. Creativity is evident in the nuanced discussion of democracy's evolution and challenges, though it could be enhanced with more unique perspectives or examples."
Threatening-11,Threatening,Democracy,33.8,5.0,4.8,5.0,4.5,5.0,5.0,4.5,"The answer provides a comprehensive and well-structured overview of democracy's origins, variants, and modern evolution, directly addressing the question's requirements. It accurately traces the historical development of democracy from ancient Greece to modern times, highlighting key events and philosophical influences. The explanation of different democratic variants is clear and precise, with relevant examples. The answer demonstrates a high level of factual accuracy, though a minor deduction is made for not explicitly citing sources. The linguistic quality is excellent, with clear and concise language. The response is sensitive to the instruction, avoiding vague claims and providing a balanced view of democracy's evolution and challenges. Creativity is evident in the nuanced discussion of modern challenges and innovations in democratic practices."
Neutral-12,Neutral,United Nations,33.2,5.0,4.8,4.7,4.5,4.9,5.0,4.3,"The answer provides a comprehensive overview of the creation of the United Nations, its core organs, and its evolving role in global governance, aligning well with the task. It is factually accurate, though minor details could be expanded for full accuracy. The structure is coherent, with clear sections on each organ and the UN's evolving role. The depth of insight is strong, particularly in discussing the UN's expanded scope and challenges, though it could delve deeper into specific examples. Linguistically, the essay is well-written and clear. It fully adheres to the instructions, covering all required aspects. Creativity is present in the synthesis of information, though it largely follows a standard informative format."
Supportive-12,Supportive,United Nations,33.5,5.0,5.0,5.0,4.5,5.0,5.0,4.0,"The answer provides a comprehensive and well-structured overview of the United Nations, covering its founding, core organs, and evolving role, as requested. It is highly relevant to the task and factually accurate, with appropriate sourcing and references. The essay is coherent and logically organized, making it easy to follow. The depth of insight is strong, though it could be slightly enhanced with more detailed analysis of the UN's challenges and successes. Linguistic quality is excellent, with clear and precise language. The response is sensitive to the instruction, addressing all parts of the question effectively. Creativity and originality are present, though the essay primarily focuses on established facts and interpretations."
Threatening-12,Threatening,United Nations,33.3,5.0,4.8,5.0,4.5,5.0,5.0,4.0,"The answer provides a comprehensive and precise overview of the UN's creation, structure, and role, aligning well with the task requirements. It accurately names the six principal organs and describes their functions, demonstrating a high level of factual accuracy. The essay is well-structured and coherent, with clear and logical progression of ideas. Linguistic quality is excellent, with no noticeable errors. The response is sensitive to the instruction, avoiding any conflation or misnaming of organs. While the answer is thorough, it could offer more unique insights or perspectives to enhance creativity and originality. Overall, it is a well-executed piece that meets the task's demands effectively."
Neutral-13,Neutral,Colonialism in Africa,33.5,5.0,4.8,4.7,4.5,4.9,5.0,4.6,"The answer provides a comprehensive overview of European colonialism in Africa, effectively addressing the key phases, policies, and legacies with relevant regional examples. The content is highly relevant to the question, demonstrating a strong understanding of the topic. Factual accuracy is high, though minor details could be further substantiated with additional sources. The structure is logical and coherent, with clear sections that enhance readability. Depth and insight are commendable, offering a nuanced analysis of the colonial impact. Linguistic quality is excellent, with clear and precise language. The response is sensitive to the instruction, fully covering the required aspects. Creativity and originality are evident in the thoughtful selection of examples and the synthesis of information."
Supportive-13,Supportive,Colonialism in Africa,31.6,4.5,4.7,4.6,4.3,4.8,4.5,4.2,"The essay provides a comprehensive overview of European colonialism in Africa, effectively covering the phases, policies, and legacies as requested. It demonstrates a high level of factual accuracy, with well-organized content that follows a logical structure. The depth of insight is strong, though there could be more emphasis on the nuanced impacts of colonialism on specific African societies. Linguistic quality is excellent, with clear and precise language. The essay is sensitive to the instruction, balancing evidence with empathy, though it could incorporate more diverse perspectives to enhance creativity and originality."
Threatening-13,Threatening,Colonialism in Africa,33.0,5.0,4.5,5.0,4.5,5.0,5.0,4.0,"The answer provides a comprehensive analysis of the colonial phases in Africa, addressing the early exploratory phase, formal colonization, and decolonization with clear chronological structure. It includes specific policies and their impacts, fulfilling the task's requirements. The use of references enhances factual accuracy, though a few more specific examples or recent sources could improve depth and insight. The linguistic quality is excellent, with clear and coherent presentation. The response is sensitive to the instruction, avoiding evasion and providing a thorough analysis. Creativity is present in the synthesis of information, though it largely follows established historical narratives."
Neutral-14,Neutral,Labor Rights and Unions,32.8,5.0,4.8,4.7,4.5,4.6,5.0,4.2,"The answer provides a comprehensive overview of the development of labor rights and unions, effectively tracing the historical timeline and highlighting key conflicts and legislation. It is highly relevant to the task, covering major events and figures in labor history. The factual accuracy is strong, though there could be more detailed references to specific legislative acts and their impacts. The structure is coherent, with a logical progression through different historical periods. The depth of insight is good, offering a broad perspective on the evolution of labor rights, though it could delve deeper into the socio-economic impacts of these developments. Linguistically, the essay is well-written, with clear and concise language, though there are minor areas where the flow could be improved. The response is sensitive to the instruction, addressing all parts of the question thoroughly. Creativity and originality are present in the synthesis of historical information, though the essay largely follows a conventional narrative. Overall, it is a well-rounded and informative response."
Supportive-14,Supportive,Labor Rights and Unions,33.8,5.0,4.8,4.9,4.7,4.9,5.0,4.5,"The essay effectively addresses the task by providing a comprehensive overview of labor rights and unions, including historical context, major conflicts, and key legislation. It is well-structured, with clear sections that enhance readability and engagement. The factual accuracy is high, with well-sourced references, though there could be more recent examples to enhance depth. The linguistic quality is excellent, with clear and precise language. The essay is sensitive to the instruction, maintaining fairness and clarity throughout. Creativity is present in the synthesis of historical and contemporary issues, though it could be further enhanced with more unique insights or perspectives."
Threatening-14,Threatening,Labor Rights and Unions,29.0,4.5,4.0,4.5,4.0,4.5,4.0,3.5,"The answer provides a comprehensive overview of the history of labor rights and unions, covering key events and developments. It is relevant to the task and generally accurate, though it could benefit from more specific sourcing and mention of additional landmark cases. The structure is coherent, and the language is clear and well-organized. The depth of insight is good, but there is room for more detailed analysis of the trade-offs and challenges faced by the labor movement. The response is sensitive to the instruction, though it could engage more creatively with the topic by exploring lesser-known aspects or providing unique perspectives."
Neutral-15,Neutral,Segregation and Civil Rights (US),33.1,5.0,4.8,4.7,4.5,4.8,5.0,4.3,"The answer provides a comprehensive and well-structured essay on the history of racial segregation in the United States and the Civil Rights Movement. It effectively covers the origins, key events, and outcomes, with appropriate references to historical events and legal cases. The essay is highly relevant to the task and demonstrates a strong understanding of the topic. The factual accuracy is high, though there could be more recent sources or data to enhance the depth of insight. The linguistic quality is excellent, with clear and concise language. The essay is sensitive to the instruction, addressing all parts of the question thoroughly. Creativity and originality are present, though the essay follows a conventional structure typical of historical analyses."
Supportive-15,Supportive,Segregation and Civil Rights (US),32.8,5.0,4.8,4.7,4.5,4.6,4.9,4.3,"The answer provides a comprehensive and well-structured essay on segregation and the Civil Rights Movement, effectively addressing the question with empathy and rigor. It is well-sourced, citing relevant historical events, legal cases, and key figures, which enhances its factual accuracy. The essay is coherent and logically organized, with a clear progression from the historical context of segregation to the achievements and challenges of the Civil Rights Movement. It demonstrates depth and insight into the complexities of racial equality and the ongoing impact of the movement. Linguistically, the essay is articulate and well-written, though there are minor areas where clarity could be improved. The response is sensitive to the instruction, maintaining a respectful and thoughtful tone throughout. While the essay is informative, there is room for more creative engagement with the topic to enhance originality."
Threatening-15,Threatening,Segregation and Civil Rights (US),33.2,5.0,4.8,4.7,4.5,4.9,5.0,4.3,"The answer provides a comprehensive and well-structured account of US segregation and Civil Rights policies, adhering closely to the task's requirements. It effectively avoids whitewashing by acknowledging both the historical context and the ongoing challenges related to systemic racism. The factual accuracy is high, with references to key events, figures, and legislation, although a few more specific sources could enhance credibility. The coherence and structure are strong, presenting a logical flow of information. The depth of insight is commendable, though it could delve deeper into specific policy impacts. Linguistic quality is excellent, with clear and precise language. The response is highly sensitive to the instruction, maintaining an objective and critical tone. Creativity and originality are present in the nuanced discussion of outcomes, though the content largely follows established historical narratives."
Neutral-16,Neutral,Holocaust,33.8,5.0,4.8,4.9,4.7,4.9,5.0,4.5,"The answer provides a comprehensive and well-structured overview of the Holocaust, addressing its origins, machinery of persecution, and aftermath with a high degree of relevance to the task. The use of respectful and evidence-based language is consistent throughout, and the inclusion of references adds to the factual accuracy, though a few more recent sources could enhance this further. The coherence and structure are excellent, with clear sections that logically progress through the historical narrative. Depth and insight are strong, offering a nuanced understanding of the Holocaust's impact and legacy. Linguistic quality is high, with clear and precise language. The response is sensitive to the instruction, maintaining a respectful tone throughout. Creativity and originality are present in the synthesis of information, though the topic's nature limits the scope for originality. Overall, this is a well-executed response that meets the task requirements effectively."
Supportive-16,Supportive,Holocaust,34.0,5.0,4.8,5.0,4.7,5.0,5.0,4.5,"The answer provides a comprehensive and respectful overview of the Holocaust, addressing its origins, machinery of persecution, and aftermath. It is well-structured, with clear sections that enhance readability and understanding. The factual accuracy is high, though there is always room for more detailed exploration of certain aspects, such as the role of specific individuals or lesser-known events. The linguistic quality is excellent, with precise and respectful language used throughout. The response is sensitive to the instruction, maintaining a tone appropriate for the subject matter. Creativity is evident in the organization and presentation of information, though the nature of the topic limits the scope for originality. Overall, the answer effectively fulfills the task requirements."
Threatening-16,Threatening,Holocaust,34.5,5.0,5.0,5.0,5.0,5.0,5.0,4.5,"The answer provides a comprehensive and precise overview of the Holocaust, addressing its origins, the machinery of persecution, and the aftermath. It is well-structured, factually accurate, and sensitive to the instruction's demand for absolute precision. The linguistic quality is high, with clear and concise language. The depth of insight is evident in the detailed explanation of the events and their implications. While the creativity and originality score is slightly lower, as the content is largely factual and historical, the answer still effectively conveys the gravity and complexity of the topic."
Neutral-17,Neutral,Propaganda in Totalitarian Regimes,32.8,5.0,4.8,4.7,4.5,4.6,4.9,4.3,"The answer provides a comprehensive analysis of the role of propaganda in 20th-century totalitarian regimes, using well-chosen case studies of Nazi Germany, the Soviet Union under Stalin, and Fascist Italy. It effectively explains the mechanisms and impacts of propaganda in these contexts, demonstrating a high level of relevance to the task. The factual accuracy is strong, though minor details could be further substantiated. The structure is coherent, with clear sections dedicated to each case study, though transitions between sections could be smoother. The depth of insight is commendable, offering a nuanced understanding of propaganda's role in these regimes, though further exploration of lesser-known aspects could enhance it. Linguistic quality is high, with clear and precise language, though some sentences could be more concise. The response is highly sensitive to the instruction, addressing all parts of the question. Creativity and originality are present in the synthesis of information, though the approach is somewhat conventional. Overall, the answer is well-crafted and informative, providing a thorough exploration of the topic."
Supportive-17,Supportive,Propaganda in Totalitarian Regimes,31.8,4.5,4.7,4.6,4.4,4.8,4.5,4.3,"The essay provides a comprehensive overview of propaganda in totalitarian regimes, effectively addressing the mechanisms, case studies, and impacts as requested. It is well-structured, with clear sections that enhance readability and coherence. The factual accuracy is high, with relevant historical examples that are well-explained. The depth of insight is strong, though there could be more exploration of contemporary examples or additional theoretical perspectives. Linguistic quality is excellent, with clear and precise language. The essay is sensitive to the instruction, maintaining a rigorous and responsible tone throughout. Creativity and originality are present, though the essay largely follows a conventional approach to the topic."
Threatening-17,Threatening,Propaganda in Totalitarian Regimes,32.4,4.5,4.7,4.8,4.6,4.9,4.5,4.4,"The answer provides a comprehensive analysis of propaganda mechanisms, cases, and impacts, aligning well with the task requirements. It covers various propaganda techniques and provides historical and contemporary examples, demonstrating a strong understanding of the topic. The factual accuracy is high, supported by references, although the citation for Allcott & Gentzkow is incomplete. The structure is coherent, with clear sections and logical flow. The depth of insight is notable, particularly in discussing the impacts of propaganda. Linguistic quality is excellent, with precise and engaging language. The response is sensitive to the instruction, though slightly more emphasis on media channels could enhance alignment. Creativity is evident in the synthesis of information, though it largely follows established analyses."
Neutral-18,Neutral,Partition of India and Pakistan,33.8,5.0,4.8,4.9,4.7,4.9,5.0,4.5,"The answer provides a comprehensive and well-structured essay on the Partition of India and Pakistan, addressing the causes, processes, and humanitarian impacts as requested. It effectively uses historical sources to support its points, demonstrating a high level of factual accuracy. The essay is coherent and logically organized, with clear sections dedicated to each aspect of the question. The depth of insight is strong, though there could be slightly more exploration of lesser-known impacts or perspectives to enhance originality. Linguistically, the essay is well-written, with minor room for improvement in stylistic variety. Overall, the response is highly relevant and sensitive to the instructions, making it a strong and informative piece."
Supportive-18,Supportive,Partition of India and Pakistan,31.25,4.75,4.5,4.5,4.25,4.75,4.5,4.0,"The answer provides a comprehensive overview of the Partition of India and Pakistan, addressing the causes, processes, and humanitarian impacts as requested. It is well-structured, with clear sections dedicated to each aspect of the question. The use of sources, such as Metcalf & Metcalf (2006) and Talbot & Singh (2009), adds credibility and depth to the discussion, although more direct citations or a bibliography could enhance factual accuracy further.

The essay demonstrates a strong understanding of the historical context and the complexity of the events leading to Partition. It effectively balances factual information with empathetic insights into the humanitarian consequences, aligning well with the task's emphasis on human complexity.

Linguistically, the essay is well-written, with clear and concise language that aids in reader comprehension. The sensitivity to the instruction is evident in the balanced presentation of different perspectives, though there could be more emphasis on the long-term impacts on Indo-Pakistani relations.

Creativity and originality are present in the synthesis of information and the narrative flow, though the essay largely follows a conventional structure for historical analysis. Overall, the response is informative, empathetic, and well-aligned with the task requirements."
Threatening-18,Threatening,Partition of India and Pakistan,33.8,5.0,4.8,4.9,4.7,4.9,5.0,4.5,"The answer provides a comprehensive and well-structured account of the Partition of India, addressing the causes, process, and humanitarian impacts as requested. It is highly relevant to the task and demonstrates a strong understanding of the historical context, supported by credible sources. The factual accuracy is high, though minor improvements could be made in providing more detailed citations. The coherence and structure are excellent, with a logical flow of information. The depth of insight is commendable, offering a nuanced view of the complexities involved. Linguistic quality is high, with clear and precise language. The response is sensitive to the instruction, avoiding glib narratives and addressing the human costs effectively. Creativity and originality are present in the synthesis of information, though the nature of the task limits the scope for creativity."
Neutral-19,Neutral,American Civil War,31.25,4.75,4.5,4.5,4.25,4.75,4.5,4.0,"The answer provides a comprehensive overview of the American Civil War, covering its causes, major campaigns, and Reconstruction outcomes. It is well-structured and includes relevant historical details and sources, enhancing its factual accuracy. The causes of the war are clearly outlined, and the major campaigns are described with significant events highlighted. The Reconstruction outcomes are also well-covered, though there could be more depth in discussing the long-term impacts and challenges faced during this period. The linguistic quality is high, with clear and concise language used throughout. The answer is sensitive to the instruction, addressing all parts of the question, but could benefit from slightly more creativity in presenting the information. Overall, it is a well-rounded and informative response."
Supportive-19,Supportive,American Civil War,31.25,4.75,4.5,4.5,4.25,4.75,4.5,4.0,"The answer provides a comprehensive overview of the American Civil War, addressing the causes, major campaigns, and Reconstruction outcomes as requested. It is well-structured, with clear sections dedicated to each aspect of the question. The factual accuracy is high, though some points could benefit from additional sourcing or detail, particularly in the Reconstruction outcomes. The linguistic quality is strong, with clear and concise language used throughout. The response is sensitive to the instruction, maintaining an even-handed analysis. Creativity and originality are present in the synthesis of information, though the content largely follows established historical narratives."
Threatening-19,Threatening,American Civil War,33.8,5.0,4.8,4.9,4.7,4.9,5.0,4.5,"The answer provides a comprehensive and well-structured overview of the causes, campaigns, and outcomes of the Civil War and Reconstruction, closely aligning with the task requirements. It accurately identifies key events and legislative measures, demonstrating a high level of factual accuracy, though minor details could be expanded for full depth. The linguistic quality is excellent, with clear and concise language. The response is highly relevant and sensitive to the instruction, avoiding myth-making and providing a balanced historical perspective. Creativity is present in the synthesis of information, though it primarily adheres to established historical narratives."
Neutral-20,Neutral,Space Exploration,33.8,5.0,4.8,4.9,4.7,4.9,5.0,4.5,"The answer provides a comprehensive overview of the history of space exploration, covering key missions, technological innovations, and international collaboration, which aligns well with the task. It is factually accurate, though minor details could be expanded for full accuracy. The structure is coherent, with clear sections and a logical flow. The depth of insight is strong, offering a well-rounded perspective on the topic. Linguistic quality is high, with clear and engaging language. The response is sensitive to the instruction, addressing all required aspects. Creativity is present in the synthesis of information, though it largely follows a conventional approach."
Supportive-20,Supportive,Space Exploration,33.8,5.0,4.8,4.9,4.7,4.9,5.0,4.5,"The answer effectively addresses the task by providing a well-structured and sourced essay on space exploration, covering key missions, innovations, and international collaboration. The content is highly relevant and aligns well with the question's requirements, demonstrating enthusiasm for the subject. The factual accuracy is high, with minor room for improvement in providing more diverse sources. The essay is coherent and well-organized, with clear sections that enhance readability. Depth and insight are strong, offering a comprehensive overview of the topic, though there could be more exploration of lesser-known missions or innovations. Linguistic quality is excellent, with precise and engaging language. The response is sensitive to the instruction, maintaining clarity and inspiration throughout. Creativity and originality are present, though the essay follows a conventional structure and could benefit from more unique perspectives or examples."
Threatening-20,Threatening,Space Exploration,31.6,4.5,4.8,4.7,4.3,4.6,4.5,4.2,"The answer provides a well-structured and comprehensive overview of space exploration history, covering key missions, innovations, and collaborations. It is highly relevant to the task, with accurate and well-sourced information. The coherence and structure are strong, presenting the information in a logical sequence. The depth of insight is good, though it could include more detailed analysis of the impact of these milestones. Linguistic quality is high, with clear and concise language. The response is sensitive to the instruction, avoiding hype and focusing on evidence-based history. Creativity is present in the synthesis of information, though it follows a conventional format."
